Amazon Queens,RT Amazon is worried that the NYC opposition has become so intense that the deal could be endangered so now theyre turn,0.2,40.7128,74.0060,en
Amazon Queens,RT Amazon is worried that the NYC opposition has become so intense that the deal could be endangered so now theyre turn,0.2,40.7128,74.0060,en
Amazon Queens,RT Amazon is worried that the NYC opposition has become so intense that the deal could be endangered so now theyre turn,0.2,40.7128,74.0060,en
Amazon Queens,RT Amazon is worried that the NYC opposition has become so intense that the deal could be endangered so now theyre turn,0.2,40.7128,74.0060,en
Amazon Queens,RT Amazon is worried that the NYC opposition has become so intense that the deal could be endangered so now theyre turn,0.2,40.7128,74.0060,en
Amazon Queens,RT Amazon is worried that the NYC opposition has become so intense that the deal could be endangered so now theyre turn,0.2,40.7128,74.0060,en
Amazon Queens,RT Amazon is worried that the NYC opposition has become so intense that the deal could be endangered so now theyre turn,0.2,40.7128,74.0060,en
Amazon Queens,RT Amazon is worried that the NYC opposition has become so intense that the deal could be endangered so now theyre turn,0.2,40.7128,74.0060,en
Amazon Queens,RT Amazon is worried that the NYC opposition has become so intense that the deal could be endangered so now theyre turn,0.2,40.7128,74.0060,en
Amazon Queens,RT Amazon is worried that the NYC opposition has become so intense that the deal could be endangered so now theyre turn,0.2,40.7128,74.0060,en
Amazon Queens,RT Amazon is worried that the NYC opposition has become so intense that the deal could be endangered so now theyre turn,0.2,40.7128,74.0060,en
Amazon Queens,RT Amazon is worried that the NYC opposition has become so intense that the deal could be endangered so now theyre turn,0.2,40.7128,74.0060,en
Amazon Queens,RT Amazon is worried that the NYC opposition has become so intense that the deal could be endangered so now theyre turn,0.2,40.7128,74.0060,en
Amazon Queens,RT Amazon is worried that the NYC opposition has become so intense that the deal could be endangered so now theyre turn,0.2,40.7128,74.0060,en
Amazon Queens,RT Amazon is worried that the NYC opposition has become so intense that the deal could be endangered so now theyre turn,0.2,40.7128,74.0060,en
