Apple Project Titan,Apple Wins 45 Patents today covering Millimeter Wave Antennas for NextGen 5G iPhones and a Practical Project Titan,0.3,40.71455,-74.00712,en
Apple Project Titan,Apple Wins 45 Patents today covering Millimeter Wave Antennas for NextGen 5G iPhones and a Practical Project Titan,0.3,40.71455,-74.00712,en
Apple Project Titan,Apple Wins 45 Patents today covering Millimeter Wave Antennas for NextGen 5G iPhones and a Practical Project Titan,0.3,40.71455,-74.00712,en
Apple Project Titan,Apple Wins 45 Patents today covering Millimeter Wave Antennas for NextGen 5G iPhones and a Practical Project Titan,0.3,40.71455,-74.00712,en
Apple Car,RT AT THE DRIVE IN we recorded the podcast in my moms car Im 42 years old Have A listen with,0.1,40.71455,-74.00712,en
Apple Car,Cant wait to hear this in the car,0.0,40.71455,-74.00712,en
Apple Car,Purchasing an adapter to continue using Spotify in my car that only syncs to Apple Music bc its been 3 weeks and Apply Music is bull shit,-0.1,40.71455,-74.00712,en
Apple electric vehicle,Trumps White House just gave you another reason to buy an electric car right now MashableThey got rid of Feder,0.142857142857,40.71455,-74.00712,en
Apple electric vehicle,The worlds largest network of electric vehicle chargers just raised another 240 million Fast Company,0.2,40.71455,-74.00712,en
Apple electric vehicle,Trump threatens to end GM electriccar subsidies BloombergGREAT IDEA electric car was a dream of the greener,0.0,40.71455,-74.00712,en
