Donald Trump,RT Liberals get upset because Donald Trump sends mean tweetsBut SNL MOCKING a GOP Candidate wounded in Afghanistan is comed,-0.3125,40.7128,74.0060,en
Donald Trump,RT CREW revealed on Friday that Trump signed a secret waiver to prevent Solicitor General Noel Francisco the man who is poised,-0.175,40.7128,74.0060,en
Donald Trump,Rod has been and will have to continue kissing Trumps ass Dont vote for another Trump,0.0,40.7128,74.0060,en
Donald Trump,RT Liberals get upset because Donald Trump sends mean tweetsBut SNL MOCKING a GOP Candidate wounded in Afghanistan is comed,-0.3125,40.7128,74.0060,en
Donald Trump,RT With his threat to use weapons against migrants President Trump has overstepped the line Via Deutsche Welle https,0.0,40.7128,74.0060,en
Donald Trump,I was actually one of the people who knew him as the troll on every Donald Trump thread,0.0,40.7128,74.0060,en
Donald Trump,RT Yes Donald Trump leader commander and chief President of UNITED STATES OF AMERICA,0.0,40.7128,74.0060,en
Donald Trump,RT Good morning to everyone except Donald Trump and White Supremacists,0.35,40.7128,74.0060,en
Donald Trump,RT Donald Trump has proven untrustworthy with sensitive Israeli intelligence information Whether recklessly or intentionally,0.1,40.7128,74.0060,en
Donald Trump,RT Isnt this rich Obama accusing of lies What about his lies You can keep your doctor Obamac,0.375,40.7128,74.0060,en
Donald Trump,RT HAHA Jim Acosta gets upset with Donald Trump for saying Obamas name,0.2,40.7128,74.0060,en
Donald Trump,RT Mitt I Highly Recommend You Shut The Freak Up You Havent Won Yet Further More America Isnt,0.22,40.7128,74.0060,en
