Amazon,We can all save huge on outdoor toys and games today on Amazon Cornhole bocce croquet trampolines and lots mor,0.4,40.7128,74.0060,en
Amazon,RT OMG Freaking out a little bit hereHere it is Here is the link for the US preorder Here is for,-0.1875,40.7128,74.0060,en
Amazon,Daily selfpromotion My novels on Amazon scifi sciencefiction spaceopera,0.0,40.7128,74.0060,en
Amazon,RT Oh JOY its NATIONALCOOKIEDAY What better way to celebrate than with s book The Joy of Cookies,0.7,40.7128,74.0060,en
Amazon,RT i asked a bunch of washington post employees to tell me what they want to say about amazon but feel like they cant htt,0.0,40.7128,74.0060,en
Amazon,RT If you want a Christmas romance movie in which the heroine gets to cuss and drink and have sex on a rooftop and other p,-0.125,40.7128,74.0060,en
Amazon,RT GEN AXE DOOMTROOPINGwBERZERKER ELI amp The GREENSBURGPA CHAPTER TONIGHT We Roll wThe WESTBURYNY CHAPTER tBLSt,0.0,40.7128,74.0060,en
Amazon,RT Need ChristmasGiftideas How about dragons as StockingStuffers Try hanging THE GIRL WHO RODE DRAGONS on the mantel this Ch,0.0,40.7128,74.0060,en
Amazon,RT I ordered AirPods on amazon and got this shit I AM FCKKNG MADDD NAH BRUHHH SOMEONE IS LEAVING THIS EARTH TODAY,-0.2,40.7128,74.0060,en
Amazon,Ive entered free Christmas giveaway to win a 50 Amazon UK voucher competition competitiontime,0.6,40.7128,74.0060,en
Amazon,Todays FREE OBC BOTD is NonFiction book Stepping Up Finding Healing,0.4,40.7128,74.0060,en
Amazon,Maximize Learning,0.0,40.7128,74.0060,en
Amazon,The Wall is an intelligent fastpaced thriller that combines pageturning suspense with a thoughtprovoking explor,0.8,40.7128,74.0060,en
Amazon,RT Dont make us ask twice Preorder Venom now and watch it on Digital 1211 amp Bluray 1218 just in time for the holidays,0.0,40.7128,74.0060,en
Amazon,A thriller that will have you at the edge of your seat biting at the bit for more Amazon Review,0.5,40.7128,74.0060,en
